LIO TARGET EVENT PIPELINE - US - UK - EU/DACH  |  compiled 2026-07-20  |  Priorities: P1 must-own (highest ICP density x strategic leverage) - P2 strong fit (selective sponsor/attend) - P3 opportunistic/intel/monitor  |  ICP density = seniority concentration x ICP-segment match x decision power in room  |  companion to the Event History sheet

#,Event,Region,Organizer,Next edition,City,Format,Scale,Audience / seniority,ICP segment(s) hit,ICP density (why),Priority,Lio status,Sponsorship,Price signal,Why Lio should be there,Source
1,61. BME-Symposium Einkauf und Logistik,DACH,BME e.V.,"Nov 18-19, 2026 (confirmed)",Berlin (STATION),Congress + expo,"~1,500 att., 190 speakers, 120 exhibitors",Full CPO-to-manager mix of German procurement; heavy Mittelstand + family-owned,Primary DACH industrial (core),HIGH — the single densest DACH procurement gathering; exact primary-ICP demographics,P1,Already attends (won Excellence Award here 2024),Yes,"~€1,600-2,200 est.; early-bird to Sep 30","Home fixture. The one room where Lio's entire primary ICP self-assembles annually; defend award-winner halo, run a Principals dinner, and hunt the 13,000-member BME network. Same city+week as SSOW DACH — double Berlin week.",bme.de/veranstaltungen/grossveranstaltungen/BME-symposium-einkauf-und-logistik-folder/
2,18. BME-eLösungstage 2027,DACH,BME e.V.,"May 11-12, 2027 (confirmed)",Düsseldorf (Areal Böhler),ProcureTech trade fair + congress,"~1,000 att., ~100 exhibitors",Heads of Procurement Digitalization / Excellence — the exact champion persona,Primary DACH industrial,HIGH — largest DACH eProcurement fair; buyers come specifically to shop for tools,P1,Already attends (Official Partner 2026),Yes,"Exhibitor early-booking −€300 until Sep 30, 2026",The highest-intent DACH audience: attendees are actively evaluating procurement tech. Renew partner tier before Sep 30 discount lapses; repeat the sidecar Principals dinner.,bme.de/veranstaltungen/grossveranstaltungen/eloesungstage/
3,Handelsblatt CPO Summit 2027,DACH,Handelsblatt Media Group,"Apr 6-7, 2027 (confirmed)",Düsseldorf,C-level summit (Chatham House),~200-300 est.,"'CPOs for CPOs' — DAX + Mittelstand C-level only; €2,300-2,500 ticket keeps juniors out",Primary DACH industrial + FS secondary,HIGH — highest CPO-per-square-meter density in Germany,P1,Already attends (2026 sponsor intent + 2 placed articles),Yes,"Premium (~€2,500+ delegate)","Small, expensive, exec-only = exactly where €5-25B German enterprise deals start. Upgrade from attendee to visible sponsor + secure a speaking/fireside slot on agentic AI.",live.handelsblatt.com/event/handelsblatt-cpo-summit/
4,ProcureCon Europe 2026,DACH,WBR,"Sep 22-24, 2026 (confirmed)",Cologne (Koelnmesse),Indirect-procurement flagship conference,"650+ att., 400 procurement buyers","CPO/Head-level from EU multinationals (Maersk, Roche, Zurich caliber)",Primary DACH industrial + EU indirect,"HIGH — Europe's indirect flagship, exceptionally ON GERMAN SOIL this cycle",P1,NET-NEW — not yet attended,Yes,"~€2,000-3,500 est.","Rare alignment: the European indirect-spend flagship lands in Germany 6 days before ProcureCon East (where Lio is Lead Sponsor). One WBR negotiation could bundle both. 400 buyers of exactly Lio's category, 45 min from key customers.",procureconeu.wbresearch.com/
5,Shared Services & Outsourcing Woche DACH (21. Jahresforum),DACH,IQPC Germany / SSON,"Nov 17-19, 2026 (confirmed)",Berlin,GBS/SSC conference (German-language),350+ senior decision-makers,DACH SSC/GBS heads — the owners of procurement BPO contracts,GBS/BPO displacement (core wedge),HIGH — German-language GBS audience; 2026 headline theme is agentic AI,P1,NET-NEW — not yet attended,Yes,"~€2,000-3,000 est.","The BPO-displacement pitch ('your BPO costs 93% too much') delivered in German to the people who sign those contracts, at an event themed on agentic AI. Speaking-slot odds high for a credible German agentic vendor. Overlaps BME Symposium (same city, same week) — one Berlin trip, two P1 events.",ssonetwork.com/events-sharedserviceswoche
6,Procurement Summit 2027,DACH,Trailblazer Summits,"Jun 23-24, 2027 (confirmed)",Hamburg (Schuppen 52),Expo + conference,"2,000-2,300 att., 130+ exhibitors","German procurement practitioners, Mittelstand-to-enterprise, innovation-minded",Primary DACH industrial (volume layer),HIGH volume / MEDIUM seniority — biggest German procuretech stage,P1,Already attends (3rd consecutive year; Booth C09 + founders masterclass 2026),Yes,Mid-range; free buyer-invite program,"Volume engine for the DACH funnel: 2,300 practitioners who operate the tools daily. Keil's 3-year stage streak has compounding brand value — keep the booth + masterclass formula.",procurementsummit.eu/
7,DPW Amsterdam 2026,EU,DPW,"Sep 30 - Oct 1, 2026 (confirmed)",Amsterdam (RAI),Digital-procurement conference + expo,"2,500+ target (1,700+ in 2025), 129 sponsors",CPO/VP/director-heavy digital-procurement elite from 65+ countries; €2.2K ticket; VC + vendor ecosystem,All segments + category/analyst visibility,HIGH — the category's ground-zero event; theme 2026 = 'RECODE',P1,Already attends (2025 Growth Stage Award winner),Yes (startup→enterprise tiers),"~€1,000-2,000 sponsor tiers; €2,199 GA","Defending-champion moment: won the 2025 award, now returns above the Growth-Stage band. Bigger venue + agentic-AI zeitgeist = maximum category-leadership ROI. Amsterdam week spawns a dinner circuit — run the Principals playbook. Applications for 2026 awards close Jul 24 — decide NOW whether to compete in the higher category.",conference.dpw.ai/
8,World Procurement Congress 2027 (+ AI Forum + Awards),UK,Procurement Leaders / World 50,"May 18-20, 2027 (confirmed)",London (InterContinental O2),Flagship congress + awards,"~1,900 professionals+sponsors est., 200+ speakers",Densest CPO room in EMEA; 70% director+; Global 2000 members,All segments; FS/insurance CPOs present,HIGH — the premium EMEA CPO gathering,P1,Already attends (2026 partner + Gaucho O2 private dinner),"Yes (partner tiers, POA)",Premium,The anchor of UK strategy. Repeat and upgrade the 2026 formula: partner tier + AI Forum speaking slot + the Gaucho dinner targeted at FS CPOs (no dedicated FS-procurement event exists — this is where they are).,procurementleaders.com/events/world-procurement-congress/
9,ProcureCon East 2026,US,WBR,"Sep 28-30, 2026 (confirmed)",Boston (Westin Copley Place),US indirect-procurement flagship,400+ senior practitioners,CPO/VP indirect from Fortune 500; majority director+; EPIC Awards stage,US F500 indirect + GBS,HIGH — flagship US indirect audience,P1,Already committed — LEAD SPONSOR (1 of 36),Yes (Lead tier locked),Lead-sponsor tier,"Lio's biggest US bet, sharing sponsor billing with SAP/Coupa/GEP. Compound it: book the sidecar CPO dinner now, push for a keynote slot, and time a US customer announcement to the event window.",procureconeast.wbresearch.com/sponsors
10,SSOW - Shared Services & Outsourcing Week 2027,US,SSON / IQPC,"Mar 8-11, 2027 (confirmed)",Orlando (Rosen Shingle Creek),GBS mega-event,"1,200+ SSO/GBS leaders","GBS/SSC heads, transformation VPs — BPO contract owners",GBS/BPO displacement (core wedge),HIGH — largest concentration of US BPO-budget owners,P1,Already attends (Keil spoke 2x in 2026),Yes (40+ sponsors typical),~$3K delegate; sponsor tiers,2026's 'Your BPO Costs 93% Too Much' demo-blitz formula worked — renew with a bigger footprint and a customer on stage. Negotiate as part of an SSON multi-event bundle (see San Diego + IA Week + DACH).,ssonetwork.com/events-shared-services-week
11,SIG Global Executive Summit - Fall 2026,US,Sourcing Industry Group,"Oct 25-28, 2026 (confirmed)",Chicago (Navy Pier),Buy-side executive summit,Few hundred execs,"Heads of sourcing, outsourcing & third-party management — they negotiate and renew BPO contracts",GBS/BPO displacement (bullseye),HIGH — SIG membership literally owns outsourcing decisions,P1,NET-NEW — not yet attended,Yes,Membership + sponsor packages,The sleeper pick of the US calendar: no event has a higher share of people whose job is managing the exact BPO contracts Lio replaces at 7% of cost. A working-session slot here outperforms a booth anywhere else.,sig.org/events-2/sig-summit/
12,SSON San Diego GBS cluster (SSOW Autumn + GBS Executive Leadership Summit Select),US,SSON,"Sep 14-17, 2026 (confirmed)",San Diego (Marriott Marquis Marina),Conference + closed-door exec summit,350+ GBS leaders + capped exec room,Senior SSO/GBS (VP/SVP/Dir) incl. agentic-AI-in-shared-services bootcamp; Select = C-level closed door,GBS/BPO displacement,HIGH — second US GBS bite of the year + intimate exec access,P1,NET-NEW — not yet attended,Yes (40+ sponsors; early-bird ends Jul 24!),"$2,799-3,599 passes",Two shots in one trip: the open conference (agentic-AI bootcamp already on the agenda) plus the closed-door exec summit. Lio already buys SSON for Orlando — a multi-event bundle (San Diego + Orlando + New Orleans IA Week + Berlin DACH) should command real discount. Early-bird deadline Jul 24 — days away.,ssonetwork.com/events-shared-services-week-autumn
13,DPW New York 2027,US,DPW,Jun 2027 (annual; date TBA),New York (Brooklyn),US digital-procurement conference,"~1,000 target","US Fortune 500 digital-procurement leaders; $2,500 GA",US F500 indirect + category visibility,HIGH — US mirror of the category's home event,P1,Already attends (2026: sponsor + Booth 10 + Keil speaker + private dinner),Yes,"$2,500 GA / $5,999 vendor","Renew the 2026 triple presence + dinner. As US reference customers land, DPW NY is where the 'agentic procurement won in America too' proof gets staged.",nyc.dpw.ai/
14,NAPES 2027,US,Executive Platforms,"Apr 21-23, 2027 (confirmed)",DENVER (Gaylord Rockies) — MOVED from Miami,Executive summit with 1:1s,80%+ Director+,"CPOs, CSCOs, EVP/SVP/VP of NA enterprises",US F500 indirect + COO/CFO,HIGH — curated exec density with guaranteed 1:1 meetings,P1,Already attends (2026 exhibitor + sidecar Miami dinner),Yes (tiered),Summit sponsor tiers,Keep the summit+dinner combo but NOTE THE CITY MOVE Miami→Denver — replan the dinner venue. Same organizer as NASCES (Sep): negotiate a two-event bundle.,executiveplatforms.com/napes/
15,Americas Procurement Congress 2027,US,Procurement Leaders / World 50,Mar 2027 (month confirmed; venue TBA),TBA (rotates; 2026 New Orleans),CPO congress + AI Forum,~500+ est.,CPOs of Global 2000; membership-gated,US F500 indirect,"HIGH — CPO-only density, AI Forum returns",P1,Already attends (2026: 2 roundtables + workshop),Yes,Member/partner pricing,The US CPO-membership room. Convert 2026's workshop goodwill into an AI Forum main-stage slot; leverage the same World 50 relationship for the Procurement Accelerator roundtables.,events.procurementleaders.com/americas-procurement-congress/
16,Gartner Supply Chain Symposium/Xpo 2027 (US),US,Gartner,"May 3-5, 2027 (confirmed)",Orlando,Analyst mega-conference,"~3,000+ est.",CSCOs + CPOs of Global 2000 — budget holders with analyst air cover,US F500 + analyst/category legitimacy,HIGH — highest-seniority mix in US supply chain/procurement,P1,NET-NEW — not yet attended,Yes (premium exhibitor $$$),Delegate ~$4K; booths five-figure,Enterprise buyers de-risk agentic-AI bets through Gartner (which predicts 40% of agentic projects fail — buyers need analyst-endorsed vendors). Presence here + Gartner analyst relations directly counters the skepticism blocking big deals. Budget-heavy but strategically load-bearing for the category-leader claim.,gartner.com/en/conferences/na/supply-chain-us
17,15. BME-Praxisforum Indirekter Einkauf,DACH,BME e.V.,"Sep 29 - Oct 1, 2026 (confirmed; main day Sep 30)",Frankfurt,Focused forum + workshops,~120-200 est.,"Indirect-procurement leads, German-speaking",Primary DACH industrial (indirect/tail),MEDIUM-HIGH — small but pure indirect persona,P2,NET-NEW,Limited/Yes,"Early-bird −€100 ends JUL 31, 2026 — days away","Bullseye for the tail-spend/indirect narrative in German. Small room, zero noise. Register before the Jul 31 early-bird lapses. Collides with DPW Amsterdam + ProcureCon EU week — send a DACH AE, not founders.",bme.de/veranstaltungen/grossveranstaltungen/15-bme-praxisforum-indirekter-einkauf/
18,12. BME Fachkonferenz IT-SOURCING,DACH,BME e.V.,"Oct 19-20, 2026 (confirmed)",Mannheim,Conference,~150-250 est.,IT-sourcing + indirect category owners,Primary DACH (IT/indirect category),MEDIUM — category-specific entry,P2,NET-NEW,Yes,"~€1,200-1,600 est.",IT-sourcing leads are early AI adopters and own the SaaS/tail categories where Lio's negotiation agents show fastest ROI. Cheap category beachhead.,bme.de/veranstaltungen/grossveranstaltungen/it-sourcing-2025/
19,BMÖ Österreichisches EinkaufsForum 2026,DACH,BMÖ,"Oct 14-15, 2026 (confirmed)",Vienna (The Hoxton),Austrian procurement congress,~150-300 est.,Austrian CPOs/Heads (voestalpine/Andritz/Palfinger orbit),Primary DACH industrial (Austria),MEDIUM-HIGH — THE Austrian fixture,P2,NET-NEW,Likely yes,"~€1,000-1,500 est.",Cheap entry into Austrian enterprise accounts (ams-OSRAM already a customer — bring them as reference). One event covers the whole AT market.,bmoe.at/oesterreichisches-einkaufsforum/
20,procure.ch Fachtagung 'Innovative Beschaffung',DACH,procure.ch,"Sep 1, 2026 (confirmed)","Langnau i.E., Switzerland",1-day Fachtagung,~100-200 est.,Swiss procurement leaders,Primary DACH (Switzerland),"MEDIUM-HIGH — agenda literally 'KI, Autonomous Procurement'",P2,NET-NEW,Partner options est.,Low hundreds CHF,"The agenda is Lio's pitch verbatim — a speaking slot here is close to free money in a market where Lio already has REHAU, Dormakaba, Galenica as Swiss references.",procure.ch/bildung/fachtagungen/fachtagung-innovative-beschaffung-1
21,procure.ch Frühjahrstagung 2027,DACH,procure.ch,"May 2027 (annual; TBA; 2026 was May 21, Bern)",Bern (Bellevue Palace),Swiss flagship congress,~200-300 est.,Swiss Einkaufsleiter/CPOs,Primary DACH (Switzerland),MEDIUM-HIGH,P2,NET-NEW,Yes est.,Mid,Pairs with Innovative Beschaffung for a Swiss one-two; Swiss references make this a harvest market.,procure.ch/tagungen/fruehjahrstagung
22,Deutscher Maschinenbau-Gipfel 2026 (16.),DACH,Produktion + VDMA + VDW,"Nov 10-11, 2026 (confirmed)",Berlin,C-suite summit + invite 'Salon',900+ Entscheider,CEOs/owners/COOs of German machinery companies — NOT a procurement event,Primary DACH industrial — the OWNERS,MEDIUM-HIGH — top-down door-opener into the exact €2-12B family-owned ICP,P2,NET-NEW,Yes (incl. Salon format),Premium C-level pricing,"Unconventional but surgical: Lio's primary ICP is family-owned machinery — this is where their owners and COOs gather. One Salon conversation with an owner beats ten procurement-manager leads. Sequence into the Nov Berlin cluster (Maschinenbau-Gipfel → SSOW DACH → BME Symposium = 10 days, one city).",maschinenbau-gipfel.de/
23,Automobilwoche Kongress 2026 (20.),DACH,Automobilwoche (Crain),"Nov 11-12, 2026 (confirmed)",Berlin,Automotive congress + gala,Top-management scale,Automotive OEM + supplier C-level incl. purchasing board members; startup session exists,Primary DACH (automotive cluster),"MEDIUM — C-level auto, purchasing present but not core focus",P2,NET-NEW,Yes,Premium,7 of Lio's logos are auto suppliers under EV-transition margin pressure — the 10%-savings message lands hardest here. Startup-session slot = cheap stage.,automobilwoche-kongress.de/
24,SSOW Autumn 2026 (EU),EU,SSON / IQPC,"Oct 20-22, 2026 (confirmed)",Amsterdam (RAI),GBS conference,"350+ att., 150+ companies",SVP/Head GBS with explicit S2P-leaders track,GBS/BPO displacement (EU),MEDIUM-HIGH — EU GBS with S2P track,P2,NET-NEW,Yes,"~€2,000+ est.",The EU autumn GBS stop with a source-to-pay track — natural extension of the SSON relationship; 3 weeks after DPW in the same venue city.,ssonetwork.com/events-ssow-autumn
25,SSOW Europe 2027,EU,SSON / IQPC,May 2027 (annual; TBA; 2026 was Lisbon),Lisbon (expected),Europe's #1 GBS event,950+ leaders,EU GBS hub leadership of multinationals,GBS/BPO displacement (EU flagship),HIGH audience / P2 pending 2027 date,P2,NET-NEW,Yes,"~€2,500-3,500 est.",The European flagship for the ~7%-of-BPO-cost story at scale; slot into the SSON bundle once dates publish.,ssonetwork.com/events-ssoweek
26,Deloitte Shared Services Conference 2026 (29th),EU,Deloitte,"Oct 6-7, 2026 (confirmed)",Brussels (SQUARE),GBS conference,800+ SSC/GBS leaders,Largest neutral-ish GBS audience in continental EU,GBS/BPO displacement,HIGH audience / limited access — Deloitte controls the stage,P2,NET-NEW (attend-only),Deloitte-curated; vendor slots limited,"~€1,000-1,500 delegate est.",Go as delegates and work the floor — 800 GBS leaders in two days. No booth expectations; target follow-up dinners. Deloitte alliance conversations are a side benefit (their GBS advisory redesigns the operating models Lio automates).,deloitte.co.uk/sharedservicesconference/
27,Everest Group Engage - Dallas,US,Everest Group,"Oct 5, 2026 (confirmed)",Dallas,1-day analyst conference,GBS heads + Everest analysts,GBS/sourcing/vendor-management leaders + the analysts who benchmark BPO deals,GBS/BPO + analyst relations,MEDIUM-HIGH — buyers AND the referees in one room,P2,NET-NEW,Limited/unknown,Mid,"Everest writes the BPO benchmarks CFOs use — being the 'agentic alternative' in their coverage reshapes every future BPO renewal conversation. One day, double payoff (pipeline + analyst relations). London edition 2027 covers EU.",everestgrp.com/events/conferences/engage-dallas-2026/
28,Everest Group Engage Europe 2027,EU,Everest Group,"2027, London (announced 'see you in 2027')",London,1.5-day analyst conference,200+ GBS/sourcing leaders,GBS + vendor-management + analysts,GBS/BPO + analyst relations,MEDIUM-HIGH,P2,NET-NEW,Yes (Title→Supporting tiers),Mid,EU mirror of Dallas — analyst-relations + GBS pipeline in one; sponsorable tiers exist.,events.everestgrp.com/engage-london2026
29,Gartner Supply Chain Symposium/Xpo 2027 (EMEA),EU,Gartner,"May 24-26, 2027 (confirmed)",Barcelona (CCIB),Analyst symposium + expo,"~2,000+ est.","CSCO/CPO/VP budget-holders; industrial, CPG, pharma, automotive",EU enterprise + analyst legitimacy,HIGH audience / heavy cost,P2,NET-NEW,Yes (expensive),Delegate ~€4K; five-figure booths,"Same analyst-air-cover logic as Orlando, for the EU buying centers. If budget forces a choice, Orlando first (US growth mandate), Barcelona second.",gartner.com/en/conferences/emea/supply-chain-spain
30,ProcureCon Connect 2027 (EU),EU,WBR,"Apr 20-21, 2027 (confirmed)",Paris (Novotel Tour Eiffel),"Invite-only forum, concierged 1:1s",75+ att. incl. 25+ CPOs,"EU multinational CPOs, hosted-buyer model",EU indirect + primary ICP CPOs,HIGH per-head / small absolute,P2,Already attends (Keil spoke 2026),Yes (prospectus),Sponsor-funded; delegates hosted,Highest CPO-density-per-head format in EMEA — 25+ guaranteed CPO conversations. Renew; cheap relative to per-meeting value.,procureconconnect.wbresearch.com/
31,Procurement Leaders European Forum 2027,EU,Procurement Leaders / World 50,"2027 (city TBA; 2026 was Berlin, 100 leaders)",TBA,1-day member forum,~100 senior leaders,PL member CPOs in Europe,Primary DACH + EU CPOs,"MEDIUM-HIGH — small, senior, member-gated",P2,NET-NEW (relationship exists via WPC/APC),Via PL partnership,Member/partner,Extend the existing Procurement Leaders partnership; lobby for a Munich edition — Lio could host at the Clubhouse.,events.procurementleaders.com/european-forum/
32,Reuters Events: Sourcing & Procurement USA 2026 (inaugural),US,Reuters Events,"Nov 3-4, 2026 (confirmed)",Chicago (venue TBC),2-day executive conference,Inaugural — scale unproven,CPOs + senior procurement; AI + tariff agenda; Jaggaer already sponsoring,US F500 indirect,MEDIUM (unproven) with HIGH upside,P2,NET-NEW,Yes,Year-one sponsorships under-priced,New events under-price year one — buy the early-mover slot before it becomes established (Jaggaer already moved). Reuters brand pulls CPO titles; agenda is already agentic-AI-heavy.,events.reutersevents.com/supply-chain/sourcing-procurement-usa
33,Consero Procurement & Strategic Sourcing Forum,US,Consero Group,"Dec 6-8, 2026 (confirmed)","Coral Gables, Miami (Biltmore)","Invite-only forum, curated 1:1s",~60-100 est.,CPO/VP sourcing only,US F500 indirect,HIGH per-head — pay-per-meeting economics,P2,NET-NEW,Yes (paid 1:1 sponsor model),Per-meeting pricing,Efficient CAC math: guaranteed curated CPO meetings in an intimate setting — good Q4 pipeline builder for the NYC pod.,consero.com/events/procurement-strategic-sourcing-forum-7/
34,ProcureCon Connect USA 2027,US,WBR,Jun 2027 (month confirmed; city TBA),TBA,"Invite-only, 1:1-driven",~50-150,C/SVP/VP at $100M+ orgs; hosted-buyer,US F500 indirect,HIGH per-head,P2,"Already attends (Petras + Schmid, 2026 Austin)",Yes,Hosted-buyer model,"Renew — first outing produced the US team's warmest pipeline format; low cost, high touch.",procureconconnectus.wbresearch.com/
35,SSON Intelligent Automation Week Winter,US,SSON,"Dec 1-3, 2026 (confirmed)",New Orleans (Hilton Riverside),Automation conference,IA leads in SS/GBS & finance,Automation/IA budget holders in shared services,GBS/BPO + automation budget,MEDIUM-HIGH — 'agents vs RPA' story lands perfectly,P2,NET-NEW,Yes (prospectus published),Standard SSON tiers,The audience that bought RPA and got underwhelmed — prime for the agent upgrade narrative. Fold into the SSON multi-event bundle.,ssonetwork.com/intelligent-automation-week-december
36,ISM World 2027,US,Institute for Supply Management,"May 16-19, 2027 (confirmed)","National Harbor, DC (Gaylord)",Association mega-conference,"~2,500+ hist. est.",Broad supply-management incl. many F500 CPOs; mixed seniority,US brand/scale layer,MEDIUM — scale over seniority,P2,NET-NEW,Yes (expo),Association expo pricing,The US profession's biggest tent — brand-building and mid-funnel volume once the US reference base exists. Booth + certification-audience content play.,ismworld.org/events/conferences-and-events/annual-conference/
37,NASCES 2026 (North American Supply Chain Executive Summit),US,Executive Platforms,"Sep 21-23, 2026 (confirmed)",Las Vegas (Red Rock),Executive summit with 1:1s,80%+ Director+,CSCO/CPO/EVP-SVP incl. sourcing & procurement,US F500 (supply-chain-adjacent),MEDIUM-HIGH,P2,NET-NEW (same organizer as NAPES),Yes,Summit tiers,"Same organizer as NAPES — negotiate a two-event bundle; procurement is a track, CSCO/COO presence covers the BPO-owner persona.",executiveplatforms.com/nasces/
38,HFS Research Summits (NYC),US,HFS Research,Next NYC edition TBA (Spring 2026 was May 13-14),New York,Boutique analyst summit,~200 est.,Services/GBS buyers + BPO ecosystem analysts,GBS/BPO + analyst relations,MEDIUM-HIGH — HFS coined 'services-as-software',P2,NET-NEW,Yes,Boutique tiers,HFS's 'services-as-software' thesis IS Lio's category — getting into their research and on their NYC stage arms every BPO-displacement deal with analyst cover.,hfsresearch.com/ny-spring-summit-2026/
39,Procurement & Supply Chain LIVE: London Summit + Global Awards,UK,BizClik,"Sep 8-9, 2026 (confirmed)",London (QEII Centre),Hybrid expo-conference + awards,"1,000+ att., 100+ speakers","Senior execs incl. CPOs (Visa, AstraZeneca caliber); mixed floor",UK/EU indirect + media reach,MEDIUM — volume + amplification over pure density,P2,Partially (attends Chicago edition; London net-new),Yes (+ awards tables),Low-hundreds £ tickets; mid sponsor,"Anchor of the September London week: Summit Sep 8-9 + CIPS Awards Sep 10 = one trip, two audiences, plus BizClik's media machine (Procurement Magazine) amplifying everything. Enter the Global Awards — cheap third-party validation.",supplychaindigital.com/events/procurement-supply-chain-live
40,CIPS Excellence in Procurement & Supply Awards,UK,CIPS,"Sep 10, 2026 (confirmed)",London (JW Marriott Grosvenor House),Black-tie awards gala,Hundreds of guests,UK profession's night-of-nights; heads of procurement across industries,UK enterprise procurement,MEDIUM-HIGH — relationship density in one evening,P2,NET-NEW,"Yes — tables £7,000-7,500; tickets £445-495",Table-level entry,"A £7K table seats Lio next to UK heads of procurement on their biggest night — pure relationship play, same week as the London Summit. Enter a customer story for an award.",excellenceawardscips.com/2026/en/page/awards-night
41,Big Ideas Summit London 2027,UK,Procurious,"~Mar 2027 (annual; 2026 was Mar 12, Soho Hotel)",London (Soho Hotel),Boutique summit,100+ leaders,CPO-concentrated; 2026 theme 'AI: Show Me the Money',UK CPOs,"MEDIUM-HIGH — small room, right titles, AI agenda",P2,NET-NEW,"Yes (GEP, Amazon Business sponsored 2026)",Boutique tiers,100-person room of UK CPOs debating AI business cases — Lio's ROI-guarantee story ($10M Challenge) is built for exactly this stage.,engage.procurious.com/big-ideas-summit-london
42,GSA Festival of Sourcing,UK,Global Sourcing Association UK,"Jul 29, 2026 (confirmed — 9 DAYS OUT)","Esher, Surrey (Sandown Park)",1-day conference + social,UK sourcing/GBS community,UK outsourcing/GBS buyers — the BPO-contract community,GBS/BPO displacement (UK),MEDIUM-HIGH — the UK BPO-buyer watering hole,P2,NET-NEW,Yes,£165-570 tickets,Happening in 9 days — even a walk-the-floor attendance plants the flag with the UK's BPO-buyer community; sponsor properly in 2027. GSA UK Awards (autumn) is the relationship follow-up.,gsa-uk.com/event-6477604
43,Gartner Finance Symposium/Xpo (UK),UK,Gartner,Annual ~Jun (2026 was Jun 8-9); 2027 TBA,London (InterContinental O2),Analyst symposium,CFO-scale,CFOs/finance execs of large enterprises — the BPO-contract signatories,CFO/COO wedge,"MEDIUM — right budget owner, procurement not core agenda",P2,NET-NEW,Yes (premium),Premium Gartner pricing,The CFO owns the BPO line. 'Kill the BPO contract with agents at 7% of cost' is a CFO pitch — this is where EMEA CFOs gather with analyst framing. US twin: Gartner Finance Symposium National Harbor Jun 2-4 2027.,gartner.com/en/conferences/emea/cfo-finance-uk
44,Economist Impact Sustainability Week (Procurement Leaders Lunch Club),UK,Economist Impact,"Mar 1-3, 2027 (confirmed)",London (InterContinental O2),Multi-track exec conference + invite lunch club,Large; C-suite,Global 2000 C-suite + procurement-transformation owners; dedicated procurement-leaders lunch format,UK/EU enterprise + ESG angle,MEDIUM,P2,NET-NEW,Yes (premium tiers),Premium,The only Economist-tier London platform with an explicit procurement-leader format; CSRD/supplier-data pain is an agent use case. Brand-elevating audience for the Series-B-era narrative.,events.economistenterprise.com/sustainability-week/
45,PSI - Procurement Strategies & Innovation (ex-eWorld),UK,Revolution Events,"Mar 2, 2027 (confirmed; now once-yearly)",London (De Vere Grand Connaught Rooms),1-day free-for-practitioners expo,Volume format (25-yr franchise),"Mid-to-senior UK practitioners, indirect-heavy",UK mid-market/enterprise volume,"MEDIUM — pipeline volume, not exec density",P2,NET-NEW,Yes,Free buyer tickets; mid sponsor cost,Cheap UK pipeline volume with built-in 1:1 vendor meetings and demo-friendly format — feeds the SDR machine between the premium anchors.,procurement.events/
46,KonnectHouse - Agentic AI in Procurement (Frankfurt + London),DACH,KonnectHouse,"London Sep 3, 2026 (confirmed); Frankfurt ~Jan 2027 (est.)",London / Frankfurt,1-day interactive summit,~80-150 est.,Procurement digitalization leaders + AI vendors; CIPS CPD credits,DACH + UK digitalization leads,MEDIUM — category-native boutique,P2,"Already attends (Frankfurt + NYC 2026, Nusmeier)",Yes,Low-mid,"Category-native stage that has already published Lio-Walmart content — renew Frankfurt, add the London Sep 3 edition to open the September UK week.",konnecthouse.com/events/
47,SAP Connect Day Vienna - Spend Management track,DACH,SAP Austria,Annual ~Mar (2026 was Mar 24); 2027 TBA,Vienna (Austria Center),1-day regional SAP event,Hundreds,SAP DACH install base — procurement + finance,Primary DACH (SAP estates),MEDIUM — install-base access via partner route,P2,NET-NEW (Microsoft partner today; SAP relationship strategic),Partner slots,Low,Lio's ICP is SAP-centric and Lio's pitch is 'agents operating your SAP' — partner-track presence at SAP regional events legitimizes coexistence and harvests Ariba-fatigued accounts. Watch the partnership-risk flag in KB file 08.,sap.com/austria/events/2026-03-24-at-sap-connect-day-vienna-2026.html
48,Zip Forward NYC 2026 + Zip Forward Europe 2027,US,Zip (competitor),"NYC: Sep 16-17, 2026 (confirmed); Europe ~Apr 2027 London",New York / London,Competitor user conference,300+ (Europe 2026),Finance + procurement leaders evaluating orchestration/agents,Competitive turf,HIGH density / NO access — competitor-owned,P3,Intel only,No,—,Closest competitor's stage ('Agents of Change'). Send team for positioning intel + periphery networking; counter-program with a same-week dinner for overlapping prospects.,zip.com/forward-nyc
49,"Coupa Inspire Americas 2027 + World Tour (Frankfurt, London)",US,Coupa (incumbent),Americas ~May 2027 Las Vegas TBA; Frankfurt ~Jun; London ~Jun,Las Vegas / Frankfurt / London,Incumbent mega-conference + roadshows,Several thousand (Americas),Coupa install base = F500 indirect-spend owners,Displacement pipeline,HIGH density / partner-gated,P3,Intel + displacement scouting,Partner ecosystem only,Roadshows free,"Post-Tonkean, Coupa's agent story competes head-on. The World Tour roadshows are free, half-day windows into dissatisfied-Coupa accounts — cheap displacement scouting.",inspire.coupa.com/
50,SAP Connect Las Vegas 2026 (incl. Spend Connect) + SAP Sapphire 2027 (Orlando May 24-26 / Barcelona Jun 1-3),US,SAP (incumbent),"Oct 5-7, 2026; Sapphire May-Jun 2027",Las Vegas / Orlando / Barcelona,Incumbent user conferences,Thousands-15K+,Ariba/Fieldglass install base; CIO/CFO/COO at Sapphire,Displacement + coexistence partner angle,HIGH density / partner-gated,P3,Intel; partner-angle exploration,Partner ecosystem,—,Joule Intake Agent went GA Jun 2026 — SAP's counter-move must be tracked at the source. Long-game: an SAP-ecosystem partnership would neutralize the biggest bundling threat.,sap.com/events/
51,"Ivalua NOW EMEA 2027 / Jaggaer REV 2027 / Zycus Horizon US (Sep 21-23, 2026, Beaver Creek CO)",EU,Ivalua / Jaggaer / Zycus (competitors),NOW ~Mar 2027 Paris; REV ~May 2027; Horizon Sep 2026,Paris / Barcelona / Beaver Creek,Competitor user conferences,"1,500+ (NOW); 200+ (Horizon)",Respective install bases; Jaggaer = DACH-heavy industrials,Displacement intel,MEDIUM-HIGH / no access,P3,Intel only,No,—,Jaggaer's DACH-industrial base overlaps Lio's primary ICP most directly; Zycus pushes the same 'agentic' story — monitor claims and displacement openings.,emea.ivaluanow.com/
52,IZB 2026 (Internationale Zuliefererbörse),DACH,Wolfsburg AG,"Oct 27-29, 2026 (confirmed; biennial)",Wolfsburg (Allerpark),Automotive supplier trade fair,Thousands,OEM purchasing organizations (VW home turf) + supplier CPOs,Primary DACH (automotive),MEDIUM — purchasing orgs on the floor,P3,NET-NEW (walk-the-floor),Exhibitor possible,Low (attend),No booth needed: walk the floor to meet automotive purchasing organizations en masse; feed the auto-cluster ABM list.,izb-online.com/
53,BVL Supply Chain CX 2026,DACH,BVL,"Oct 21-22, 2026 (confirmed)",Berlin (Estrel),SCM congress + expo,"~2,000 est.",SCM leadership (procurement-adjacent),Adjacent SCM,MEDIUM-LOW — SCM skew,P3,NET-NEW,Yes,Mid,Only for supply-chain-adjacent CPO/COO overlap and the logistics-agent expansion story (Clubhouse already demoed logistics agents).,cx.bvl.de/
54,Sustainability Summit Hamburg 2027,DACH,Trailblazer Summits,"Jun 23-24, 2027 (co-located w/ Procurement Summit)",Hamburg,Sustainability expo,"2,000+ visitors",Sustainability + supply chain officers,ESG-adjacent,MEDIUM-LOW,P3,Piggyback (booth already next door),Yes,Marginal cost,Zero-marginal-cost adjacency: CSRD/LkSG supplier-data compliance is an agent use case — cover from the existing Procurement Summit booth.,sustainabilitysummit.eu/
55,marcus evans CPO Summit / IQPC CPO Select,EU,marcus evans / IQPC,Rolling cohorts; 2027 editions TBA,Montreux-style venues / various,Invite-only pay-per-meeting formats,20-40 CPOs per cohort,Pre-scheduled vendor-CPO 1:1s,Primary ICP CPOs (paid access),HIGH per-head / pay-to-play,P3,NET-NEW (request quotes),Yes (that's the product),Per-meeting pricing — model CAC first,Pure meeting-buying. Run the CAC math against Principals-dinner cost per CPO conversation before committing; useful surge capacity when pipeline targets slip.,marcusevans.com/summit/cpo/
56,Richmond Logistics & Supply Chain Forum / State of Flux SRM Summit / GSA UK Awards / CIPS Futures Conference,UK,Richmond Events / State of Flux / GSA / CIPS,Belfry ~May 2027; London autumn 2026 TBA; autumn 2026; ~Jul 2027,UK various,1:1 forum / research summit / awards / association conference,150-200 / boutique / hundreds / all-levels,SC+procurement heads / SRM leaders / GBS providers+buyers / CIPS membership,UK secondary formats,MEDIUM-LOW to MEDIUM,P3,NET-NEW,Yes (various),Low-mid,Second-line UK options once the anchor + September-week strategy saturates; Richmond's 1:1 model and State of Flux's SRM research crowd are the pick of this bundle.,richmondevents.com/find-a-forum
57,Fortune COO Summit / Argyle NYC dinners / American Supply Chain Summit / Reuters SC USA-Europe,US,Fortune / Argyle / Generis / Reuters,COO ~Jun 2027 Scottsdale; Argyle Sep 17 2026 NYC; ASCS ~Apr 2027 Dallas; Reuters superseded,Various,C-suite invite formats / dinners / hosted-buyer summits,Small-300+,COOs / F1000 members / SC+ops execs,COO/CFO wedge + adjacents,MEDIUM-LOW to MEDIUM,P3,NET-NEW,Partner/paid models,Varies,COO = GBS owner (Fortune's room is the priciest but purest); Argyle's Sep 17 NYC dinner is a near-free NYC-pod tactic; Reuters' old SC USA is superseded by their new Sourcing & Procurement event (see P2).,fortunemedia.mediaroom.com/
58,"ProcureCon Marketing (Nov 9-11, 2026, Phoenix) / ProcureCon IT Sourcing 2027",US,WBR,Nov 2026 / 2027 TBA,Phoenix / TBA,Category conferences,Category-scale,Marketing + IT sourcing category leads,US indirect categories,MEDIUM-LOW — category depth,P3,NET-NEW,Yes,Standard WBR,Category expansions of the WBR relationship once the core US motion is saturated; IT-sourcing skews earlier-adopter.,procurecondm.wbresearch.com/
59,"Workday Rising (Oct 12-15, 2026) / Oracle AI World (Oct 25-28, 2026)",US,Workday / Oracle,"Oct 2026, Las Vegas",Las Vegas,Mega vendor conferences,10K-25K+,HR/finance/IT; CIO-centric; small procurement tracks,ERP-adjacent,LOW procurement density,P3,Skip unless ABM targets attend,Expo,"$1,699-2,399",Only justified by named-account ABM (Workday/Oracle-shop targets); otherwise skip — procurement density too diluted.,rising.workday.com/us.html
60,DORMANT / MONITOR: CPO Rising Summit (Ardent) · IQPC CPO Exchange · Hackett US conference · StrategieTage Einkauf,US,Ardent / IQPC / Hackett / business factors,No 2026-27 editions found (Hackett runs London Oct 7-8 2026 invite-only),—,Formerly exec summits / 1:1 formats,—,CPO formats now inactive or unverified,—,N/A — dormant,P3,Monitor,—,—,Free budget: four classic CPO formats show no live US editions. Reallocate to SIG/SSON/Everest cluster; pursue Hackett via analyst relations instead (their benchmarks price the BPO deals Lio displaces).,ardentpartners.com/cpo-rising-summit/

SUMMARY & STRATEGY BRIEF
Counts: 60 rows | P1: 16 | P2: 31 | P3: 13 | Net-new opportunities: 38
"WHY THESE ROOMS (the overall brief): Lio sells labor replacement, not software seats - so the target rooms are (1) where DACH industrial CPOs gather in German (BME/Handelsblatt/Hamburg: trust-based, family-owned buying culture), (2) where BPO contract owners gather (SSON/SIG/Everest/GSA/Deloitte SSC: the 93%-cheaper wedge needs the people who sign outsourcing renewals), (3) where US indirect F500 concentrate (ProcureCon/DPW NY/NAPES/APC: the expansion mandate behind the Series A), and (4) where analysts set buying criteria (Gartner/Everest/HFS: enterprise buyers de-risk agentic AI through analysts - presence there converts skepticism into shortlists)."
URGENT (next 14 days): DPW Amsterdam 2026 award application closes Jul 24 - decide whether to compete above Growth-Stage band. SSON San Diego early-bird ends Jul 24 - bundle-negotiate with Orlando renewal. GSA Festival of Sourcing is Jul 29 - cheap UK flag-plant. BME Praxisforum Indirekter Einkauf early-bird ends Jul 31.
"CLUSTER PLAYS: (a) Late-Sep 2026 collision - ProcureCon EU Cologne (Sep 22-24) + ProcureCon East Boston (Sep 28-30) + DPW Amsterdam (Sep 30-Oct 1) in 10 days: split founders/GTM teams deliberately. (b) Berlin November week - Maschinenbau-Gipfel (Nov 10-11) + SSOW DACH (Nov 17-19) + BME Symposium (Nov 18-19): one city, three P1/P2 rooms, one Principals dinner covers all. (c) London September week - KonnectHouse (Sep 3) + P&SC LIVE (Sep 8-9) + CIPS Awards (Sep 10): one trip opens the UK market."
"SIGNATURE MOVE TO SCALE: the conference-sidecar private dinner (Principals/CPO-dinner format) has near-zero incremental cost and C-level yield - attach one to EVERY P1 event above; target FS CPOs at WPC, owners at Maschinenbau-Gipfel, GBS heads at SSOW editions."
"VENDOR-TURF RULE: never sponsor competitor stages (Zip/Coupa/SAP/Ivalua/Jaggaer/Zycus) - attend for intel, scout displacement accounts at free roadshows, counter-program with same-week dinners. Exception: explore SAP ecosystem partner angle (Lio's 'operate their software' posture depends on SAP detente)."
"DATA CAVEATS: attendee counts and prices marked est. are estimates; inaugural events (Reuters S&P USA) unproven; dormant formats (CPO Rising, CPO Exchange) verified inactive as of Jul 2026; dates marked TBA follow annual patterns - verify at booking. Full sourcing in the research files."
